Customer,Order No.,Date,PO No.,Item,Quantity,Cost Rate,Price Rate,Total Sales
80129000,CO   74150,9/09/15,87716,F18TWB,28.000,10.68,16.18,4071.94
80129000,CO   74150,9/09/15,87716,F1616DW,12.000,24.28,52.18,4071.94
80129000,CO   74150,9/09/15,87716,FLOW10,30.000,22.66,38.97,4071.94
80129000,CO   74150,9/09/15,87716,FLOW15,6.000,32.4,47.44,4071.94
80129000,CO   74150,9/09/15,87716,F1418SUB,30.000,23.23,51.3,4071.94
80205200,CO   74171,9/08/15,090115,F1414DW,10.000,24.42,52.0,2186.0
80205200,CO   74171,9/08/15,090115,F1616DW,30.000,24.28,52.0,2186.0
80205200,CO   74171,9/08/15,090115,F1215DW,2.000,28.65,53.0,2186.0
80257500,CO   73702,7/20/15,20151521212,G22300NYC.DEPT,12552.000,0.76,1.45,18200.4
80257500,CO   74121,9/08/15,20151521212,G22300NYC.DEPT,20000.000,0.76,1.45,29000.0
80280000,CO   74094,8/26/15,019124,FLOW15,4.000,32.4,44.47,177.88
80280000,CO   74173,9/11/15,019290,FWW6,20.000,19.7,24.95,9407.4
80280000,CO   74173,9/11/15,019290,FWW8,20.000,26.32,37.69,9407.4
80280000,CO   74173,9/11/15,019290,F25Q1MECO,60.000,26.62,39.52,9407.4
80280000,CO   74173,9/11/15,019290,F25Q1MPLAIN,150.000,21.54,26.5,9407.4
80280000,CO   74173,9/11/15,019290,F12DEL,10.000,10.22,31.17,9407.4
80280000,CO   74173,9/11/15,019290,F1520SUB,30.000,23.35,49.89,9407.4
80280000,CO   74173,9/11/15,019290,F15DEL,5.000,12.72,34.52,4303.91
80280000,CO   74173,9/11/15,019290,F912DEL,2.000,31.55,59.43,4303.91
80280000,CO   74173,9/11/15,019290,F1520MGDW,30.000,24.29,43.98,4303.91
80280000,CO   74173,9/11/15,019290,F15MP,5.000,14.82,36.44,4303.91
80280000,CO   74173,9/11/15,019290,FLOW15,20.000,32.4,44.47,4303.91
80280000,CO   74173,9/11/15,019290,FLOW8,20.000,18.31,27.15,4303.91
80280000,CO   74173,9/11/15,019290,F25Q1216,1.000,49.64,78.36,4303.91
80280000,CO   74173,9/11/15,019290,FLOW10,25.000,22.66,36.65,4303.91
80280000,CO   74173,9/11/15,019290,G15072 FADEN,1.000,17.0,83.84,4303.91
80530000,CO   74137,9/16/15,132934-BK,G11730 BORAX,52.000,45.5,80.57,4189.64
80530000,CO   74138,9/01/15,132935-bk,F12MG900,15.000,4.09,6.68,2530.74
80530000,CO   74138,9/01/15,132935-bk,G11739 BORAX,156.000,4.7,8.2,2530.74
80530000,CO   74138,9/01/15,132935-bk,G11740 BORAX,78.000,5.6,9.83,2530.74
80530000,CO   74138,9/01/15,132935-bk,F15MP,10.000,14.82,38.46,2530.74
80530000,CO   74138,9/01/15,132935-bk,F18MP,20.000,17.76,43.85,1446.1
80530000,CO   74138,9/01/15,132935-bk,F1212DEL,5.000,34.56,51.76,1446.1
80530000,CO   74138,9/01/15,132935-bk,F15DEL,10.000,12.72,31.03,1446.1
80530000,CO   74138,9/01/15,132935-bk,F1520TWB,3.000,31.86,0.0,1446.1
80530000,CO   74168,9/21/15,133109-BK,G11735 BORAX,50.000,45.5,80.57,4028.5
80552500,CO   74122,8/31/15,LV008501,FLTW12,6.000,29.85,55.59,2254.04
80552500,CO   74122,8/31/15,LV008501,FLOW8,2.000,18.31,32.35,2254.04
80552500,CO   74122,8/31/15,LV008501,F18DEL,6.000,15.24,37.01,2254.04
80552500,CO   74122,8/31/15,LV008501,FWW6,4.000,19.7,34.64,2254.04
80552500,CO   74122,8/31/15,LV008501,F25Q1MPLAIN,10.000,21.54,33.75,2254.04
80552500,CO   74122,8/31/15,LV008501,G11825 BORTEK,14.000,23.0,38.07,2254.04
80552500,CO   74122,8/31/15,LV008501,F1520DEL,4.000,31.28,58.03,2254.04
80552500,CO   74122,8/31/15,LV008501,FLTW15,6.000,36.66,65.43,2254.04
80610700,CO   73859,8/20/15,,G12055 BUNZL NJ,160.000,28.58,53.5,8560.0
80610700,CO   74013,9/08/15,425862 NORMAL,F1215DEL,80.000,30.85,59.76,4780.8
80610700,CO   74043,8/24/15,425012 NORMAL,F1215DEL,90.000,30.85,59.76,14438.4
80610700,CO   74043,8/24/15,425012 NORMAL,G12070 BUNZL NY,500.000,17.0,18.12,14438.4
80610700,CO   74117,8/28/15,424814 NORMAL,F27S,5.000,34.16,51.0,255.0
80610700,CO   74181,9/01/15,426931,G12070 BUNZL NY,3.000,17.0,18.12,54.36
80619700,CO   74095,8/25/15,S27147,F1418MGDW,30.000,23.62,44.04,6606.0
80619700,CO   74095,8/25/15,S27147,F1520MGDW,120.000,24.29,44.04,6606.0
80682800,CO   74155,9/10/15,OP 15047029,F25Q1MPLAIN,92.000,21.54,25.07,5733.24
80682800,CO   74155,9/10/15,OP 15047029,FWW6,80.000,19.7,24.34,5733.24
80682800,CO   74155,9/10/15,OP 15047029,FLOW8,72.000,18.31,20.55,5733.24
80682800,CO   74169,9/14/15,OP 15047071,G27330 TGT,180.000,9.0,8.99,1618.2
80694000,CO   73856,8/15/15,VERBAL TOM,G12879 CV,1000.000,0.85,1.09,1362.5
80694000,CO   73856,8/15/15,VERBAL TOM,G12880 CV,250.000,0.85,1.09,1362.5
80746000,CO   74114,8/28/15,361066,F1010LOW,5.000,24.8,34.27,4256.64
80746000,CO   74114,8/28/15,361066,F1212LOW,12.000,35.17,49.38,4256.64
80746000,CO   74114,8/28/15,361066,F1414LOW,5.000,31.86,44.79,4256.64
80746000,CO   74114,8/28/15,361066,F1515LOW,10.000,36.56,51.45,4256.64
80746000,CO   74114,8/28/15,361066,F12PB7,100.000,6.01,8.35,4256.64
80746000,CO   74114,8/28/15,361066,G13003 CLARK,20.000,4.67,6.5,4256.64
80746000,CO   74114,8/28/15,361066,F1520WS,4.000,23.99,52.31,4256.64
80746000,CO   74114,8/28/15,361066,F1520FPLT,6.000,32.5,35.33,4256.64
80746000,CO   74114,8/28/15,361066,F15FPLT,4.000,14.36,19.88,4256.64
80746000,CO   74114,8/28/15,361066,F15PB7,20.000,7.49,10.75,4256.64
80746000,CO   74114,8/28/15,361066,G13004 CLARK,15.000,5.8,8.0,4256.64
80746000,CO   74114,8/28/15,361066,F1824TWB,3.000,31.99,46.95,4256.64
80746000,CO   74114,8/28/15,361066,F1824FPLT,3.000,41.5,45.13,4256.64
80746000,CO   74114,8/28/15,361066,G13012 CLARK,5.000,26.49,38.5,4256.64
80746000,CO   74114,8/28/15,361066,F18FPLT,20.000,17.21,24.24,4256.64
80746000,CO   74114,8/28/15,361066,F18PB7,50.000,8.97,12.9,7960.95
80746000,CO   74114,8/28/15,361066,G13005 CLARK,30.000,6.94,9.5,7960.95
80746000,CO   74114,8/28/15,361066,F24FPLT,10.000,23.0,32.59,7960.95
80746000,CO   74114,8/28/15,361066,F24PB7,125.000,15.0,15.65,7960.95
80746000,CO   74114,8/28/15,361066,G13006 CLARK,20.000,9.33,12.75,7960.95
80746000,CO   74114,8/28/15,361066,G13007 CLARK,125.000,11.5,16.0,7960.95
80746000,CO   74114,8/28/15,361066,G13008 CLARK,70.000,13.77,18.5,7960.95
80746000,CO   74114,8/28/15,361066,F1520 WNEWS,5.000,6.0,12.45,7960.95
80746000,CO   74114,8/28/15,361066,F1824 WNEWS,15.000,6.0,12.45,7960.95
80746000,CO   74114,8/28/15,361066,F2436 WNEWS,5.000,6.0,12.45,7960.95
80746000,CO   74114,8/28/15,361066,F18DEL,3.000,15.24,35.0,7960.95
80746000,CO   74114,8/28/15,361066,G13010 CLARK,9.000,18.39,27.95,7960.95
80746000,CO   74114,8/28/15,361066,G13011 CLARK,12.000,18.91,27.95,7960.95
80746000,CO   74114,8/28/15,361066,G13013 CLARK,15.000,8.87,13.04,7960.95
80746000,CO   74151,9/03/15,110819C,F1010LOW,2.000,24.8,34.27,1101.19
80746000,CO   74151,9/03/15,110819C,F1212LOW,4.000,35.17,49.38,1101.19
80746000,CO   74151,9/03/15,110819C,F1414LOW,12.000,31.86,44.79,1101.19
80746000,CO   74151,9/03/15,110819C,F1515LOW,4.000,36.56,51.45,1101.19
80746000,CO   74151,9/03/15,110819C,F12PB7,11.000,6.01,8.35,1101.19
80746000,CO   74151,9/03/15,110819C,G13003 CLARK,11.000,4.67,6.5,5377.84
80746000,CO   74151,9/03/15,110819C,F1520WS,16.000,23.99,52.31,5377.84
80746000,CO   74151,9/03/15,110819C,F1520FPLT,4.000,32.5,35.33,5377.84
80746000,CO   74151,9/03/15,110819C,F15FPLT,10.000,14.36,19.88,5377.84
80746000,CO   74151,9/03/15,110819C,F15PB7,25.000,7.49,10.75,5377.84
80746000,CO   74151,9/03/15,110819C,G13004 CLARK,33.000,5.8,8.0,5377.84
80746000,CO   74151,9/03/15,110819C,F1824TWB,3.000,31.99,46.95,5377.84
80746000,CO   74151,9/03/15,110819C,F18FPLT,10.000,17.21,24.24,5377.84
80746000,CO   74151,9/03/15,110819C,F18PB7,34.000,8.97,12.9,5377.84
80746000,CO   74151,9/03/15,110819C,G13005 CLARK,33.000,6.94,9.5,5377.84
80746000,CO   74151,9/03/15,110819C,F24FPLT,4.000,23.0,32.59,5377.84
80746000,CO   74151,9/03/15,110819C,F24PB7,5.000,15.0,15.65,5377.84
80746000,CO   74151,9/03/15,110819C,G13006 CLARK,5.000,9.33,12.75,5377.84
80746000,CO   74151,9/03/15,110819C,G13008 CLARK,10.000,13.77,18.5,5377.84
80746000,CO   74151,9/03/15,110819C,F1520 WNEWS,45.000,6.0,12.45,5377.84
80746000,CO   74151,9/03/15,110819C,F1824 WNEWS,95.000,6.0,12.45,5377.84
80746000,CO   74151,9/03/15,110819C,G13013 CLARK,20.000,8.87,13.04,5377.84
80746000,CO   74156,9/09/15,922757,F15FPLT,50.000,14.36,19.88,994.0
80773600,CO   74178,9/11/15,817992,G16100 GSA,30.000,46.41,66.45,1993.5
80832700,CO   74109,8/26/15,305,F25Q1MPLAIN,244.000,21.54,31.03,7571.32
80921700,CO   74159,9/08/15,456389,F1416FP,12.000,47.0,47.51,1110.52
80921700,CO   74159,9/08/15,456389,F1215NUP,10.000,24.46,54.04,1110.52
81312900,CO   72628,2/23/15,2592,G12304 CM,143.000,1.01,1.93,275.99
81312900,CO   73632,6/26/15,2783,G12302 CM,93.000,1.01,1.93,4386.89
81312900,CO   73632,6/26/15,2783,G12305 CM,1008.000,1.01,1.93,4386.89
81312900,CO   73632,6/26/15,2783,G12303 CM,1172.000,1.01,1.93,4386.89
81312900,CO   74046,9/11/15,2874,G12304 CM,2880.000,1.01,1.93,8337.6
81312900,CO   74046,9/11/15,2874,G12302 CM,1440.000,1.01,1.93,8337.6
81405500,CO   74163,9/23/15,P1126592,FLOW8,72.000,18.31,23.19,1669.68
81418000,CO   73937,9/21/15,45312631,G23840PILLSBURY,5000.000,7.44,13.96,69800.0
81418000,CO   74174,10/20/15,45336247,G23840PILLSBURY,5000.000,7.44,13.96,69800.0
81473800,CO   74030,8/31/15,NE 29905,G25926 SG,100.000,6.0,13.61,1361.0
81537000,CO   74110,8/28/15,15615,G17455 GRIFF,279.000,0.4,1.09,304.11
81580000,CO   74170,9/04/15,0901,G21928 MU,156.000,4.5,8.01,2756.34
81580000,CO   74170,9/04/15,0901,F15FPLT,66.000,14.36,22.83,2756.34
81580000,CO   74170,9/04/15,0901,F15WW,117.000,12.72,22.16,4906.23
81580000,CO   74170,9/04/15,0901,F18MP,1.000,17.76,44.36,4906.23
81580000,CO   74170,9/04/15,0901,F15WS1100,30.000,6.27,14.88,4906.23
81580000,CO   74170,9/04/15,0901,F27S,13.000,34.16,59.0,4906.23
81580000,CO   74170,9/04/15,0901,F35S,3.000,46.64,69.66,4906.23
81580000,CO   74170,9/04/15,0901,F1215WW,11.000,30.85,51.57,4906.23
81580000,CO   74170,9/04/15,0901,F912DEL,5.000,31.55,55.9,4906.23
81591500,CO   73772,8/03/15,35227,G17760 I.HAL,50.000,66.0,80.0,4000.0
81720500,CO   74061,8/24/15,207637,GARTWORK,1.000,350.0,350.0,9200.0
81720500,CO   74061,8/24/15,207637,G17710 HPN,50.000,62.06,92.0,9200.0
81720500,CO   74061,8/24/15,207637,G17711 HPN,50.000,56.92,85.0,9200.0
81730000,CO   74180,9/01/15,35368,FWW10,10.000,26.09,37.6,36580.68
81730000,CO   74180,9/01/15,35368,FWW6,10.000,19.7,26.73,36580.68
81730000,CO   74180,9/01/15,35368,FWW8,10.000,26.32,34.22,36580.68
81730000,CO   74180,9/01/15,35368,F1520SUB,60.000,23.35,49.13,36580.68
81730000,CO   74180,9/01/15,35368,F1616DW,36.000,24.28,49.13,36580.68
81730000,CO   74180,9/01/15,35368,F1818DW,20.000,24.35,49.13,36580.68
81730000,CO   74180,9/01/15,35368,F1820DW,20.000,24.47,49.13,36580.68
81730000,CO   74180,9/01/15,35368,F1824DW,20.000,24.52,49.13,36580.68
81730000,CO   74180,9/01/15,35368,F912NUP,6.000,28.54,49.13,36580.68
81730000,CO   74180,9/01/15,35368,F2436DEL,12.000,32.79,50.73,36580.68
81730000,CO   74180,9/01/15,35368,F1215DEL,20.000,30.85,50.73,36580.68
81730000,CO   74180,9/01/15,35368,F912DEL,10.000,31.55,50.73,36580.68
81730000,CO   74180,9/01/15,35368,FLOW10,60.000,22.66,30.66,36580.68
81730000,CO   74180,9/01/15,35368,FLOW12,96.000,26.84,37.95,36580.68
81730000,CO   74180,9/01/15,35368,FLOW15,144.000,32.4,42.29,36580.68
81730000,CO   74180,9/01/15,35368,FLOW6,96.000,14.16,22.25,36580.68
81730000,CO   74180,9/01/15,35368,FLOW8,216.000,18.31,26.7,36580.68
81730000,CO   74180,9/01/15,35368,FLTW12,40.000,29.85,42.89,36580.68
81730000,CO   74180,9/01/15,35368,FLTW15,40.000,36.66,49.05,36580.68
81730000,CO   74180,9/01/15,35368,FLTW8,10.000,20.49,30.71,36580.68
81730000,CO   74180,9/01/15,35368,F25Q1MPLAIN,50.000,21.54,28.3,36580.68
81730000,CO   74180,9/01/15,35368,F35S,10.000,46.64,63.0,36580.68
81780000,CO   74033,8/17/15,497131,F1215NUP,40.000,24.46,48.83,1953.2
81780000,CO   74096,8/31/15,497922,G19235IMPERIALB,1.000,60.0,119.7,971.64
81780000,CO   74096,8/31/15,497922,G19183IMPERIALB,32.000,4.75,11.07,971.64
81780000,CO   74096,8/31/15,497922,G19182IMPERIALB,30.000,7.5,16.59,971.64
81780000,CO   74143,8/31/15,498636,FLOW15,72.000,32.4,41.9,20027.32
81780000,CO   74143,8/31/15,498636,FLTW15,10.000,36.66,49.05,20027.32
81780000,CO   74143,8/31/15,498636,F1215NUP,80.000,24.46,48.83,20027.32
81780000,CO   74143,8/31/15,498636,F25Q1MPLAIN,300.000,21.54,26.25,20027.32
81780000,CO   74143,8/31/15,498636,F912DEL,72.000,31.55,53.01,20027.32
81780000,CO   74143,8/31/15,498636,F18FP,30.000,19.3,30.73,20027.32
81780000,CO   74177,9/14/15,499367,G12203 BURKE,20.000,35.0,48.83,976.6
81780000,CO   74206,9/08/15,499450,F69NUP,1.000,29.54,48.83,56009.12
81780000,CO   74206,9/08/15,499450,F69DEL,3.000,35.81,53.01,56009.12
81780000,CO   74206,9/08/15,499450,FLOW10,24.000,22.66,31.62,56009.12
81780000,CO   74206,9/08/15,499450,FLOW15,288.000,32.4,41.9,56009.12
81780000,CO   74206,9/08/15,499450,FLOW6,48.000,14.16,19.54,56009.12
81780000,CO   74206,9/08/15,499450,FLOW8,36.000,18.31,25.19,56009.12
81780000,CO   74206,9/08/15,499450,FLTW15,10.000,36.66,49.05,56009.12
81780000,CO   74206,9/08/15,499450,FWW10,10.000,26.09,42.84,56009.12
81780000,CO   74206,9/08/15,499450,FWW6,80.000,19.7,29.69,56009.12
81780000,CO   74206,9/08/15,499450,F1215DEL,40.000,30.85,53.01,56009.12
81780000,CO   74206,9/08/15,499450,F1215NUP,200.000,24.46,48.83,56009.12
81780000,CO   74206,9/08/15,499450,F25Q1MPLAIN,600.000,21.54,26.25,56009.12
81780000,CO   74206,9/08/15,499450,F27S,50.000,34.16,53.18,56009.12
81780000,CO   74206,9/08/15,499450,G19207IMPERIALB,33.000,14.23,27.77,56009.12
81780000,CO   74206,9/08/15,499450,G19198IMPERIALB,33.000,12.75,23.53,56009.12
81780000,CO   74206,9/08/15,499450,F18MP,3.000,17.76,40.98,56009.12
81780000,CO   74206,9/08/15,499450,F912DEL,108.000,31.55,53.01,56009.12
81812400,CO   73586,7/20/15,,G19410 JJC,4000.000,1.01,1.64,6560.0
81812400,CO   73586,7/20/15,,G19411 JJC,4000.000,1.01,1.64,9840.0
81812400,CO   73586,7/20/15,,G19412 JJC,2000.000,1.01,1.64,9840.0
81876500,CO   74115,9/11/15,13249,G19471 JPP,50.000,54.39,75.0,3750.0
81877500,CO   73953,8/24/15,176980,G19671JERSYLYNN,132.000,16.5,29.55,4118.05
81877500,CO   73953,8/24/15,176980,FLOW6,2.000,14.16,32.48,4118.05
81877500,CO   73953,8/24/15,176980,FLOW15,3.000,32.4,50.83,4118.05
81885200,CO   73973,8/17/15,882-16534,G24287 RD,6.000,8.4,12.05,72.3
81885200,CO   74069,8/31/15,110-21491,F1215NUP,20.000,24.46,48.67,5774.75
81885200,CO   74069,8/31/15,110-21491,F15MP,11.000,14.82,29.26,5774.75
81885200,CO   74069,8/31/15,110-21491,G24299 RD,15.000,18.0,39.32,5774.75
81885200,CO   74069,8/31/15,110-21491,G24302 RD,9.000,12.72,16.75,5774.75
81885200,CO   74069,8/31/15,110-21491,FWW6,20.000,19.7,26.24,5774.75
81885200,CO   74069,8/31/15,110-21491,FLOW6,12.000,14.16,19.0,5774.75
81885200,CO   74069,8/31/15,110-21491,FLOW8,24.000,18.31,24.5,5774.75
81885200,CO   74069,8/31/15,110-21491,FLOW12,12.000,26.84,37.0,5774.75
81885200,CO   74069,8/31/15,110-21491,FLOW15,36.000,32.4,40.74,5774.75
81885200,CO   74069,8/31/15,110-21491,FLTW15,10.000,36.66,48.75,5774.75
81885200,CO   74073,8/31/15,121-19996,F1215DEL,8.000,30.85,53.92,1827.8
81885200,CO   74073,8/31/15,121-19996,F1215NUP,12.000,24.46,48.67,1827.8
81885200,CO   74073,8/31/15,121-19996,F15MP,11.000,14.82,29.26,1827.8
81885200,CO   74073,8/31/15,121-19996,F912NUP,2.000,28.54,48.67,1827.8
81885200,CO   74073,8/31/15,121-19996,G24299 RD,10.000,18.0,39.32,1827.8
81885200,CO   74073,8/31/15,121-19996,FWW6,10.000,19.7,26.24,3290.66
81885200,CO   74073,8/31/15,121-19996,FLOW8,24.000,18.31,24.5,3290.66
81885200,CO   74073,8/31/15,121-19996,FLOW15,24.000,32.4,40.74,3290.66
81885200,CO   74073,8/31/15,121-19996,FLTW15,30.000,36.66,48.75,3290.66
81885200,CO   74076,8/31/15,818-10802,F1215NUP,10.000,24.46,48.67,5171.4
81885200,CO   74076,8/31/15,818-10802,F1215DEL,6.000,30.85,53.92,5171.4
81885200,CO   74076,8/31/15,818-10802,F15DEL,11.000,12.72,31.08,5171.4
81885200,CO   74076,8/31/15,818-10802,FWW6,10.000,19.7,26.24,5171.4
81885200,CO   74076,8/31/15,818-10802,FLOW6,24.000,14.16,19.0,5171.4
81885200,CO   74076,8/31/15,818-10802,FLOW10,12.000,22.66,30.75,5171.4
81885200,CO   74076,8/31/15,818-10802,FLOW15,60.000,32.4,40.74,5171.4
81885200,CO   74076,8/31/15,818-10802,FLTW15,10.000,36.66,48.75,5171.4
81885200,CO   74078,8/31/15,882-17341,G24283 RD,11.000,9.15,15.09,1475.88
81885200,CO   74078,8/31/15,882-17341,G24282 RD,39.000,5.9,10.3,1475.88
81885200,CO   74078,8/31/15,882-17341,G24281 RD,78.000,4.95,8.5,1475.88
81885200,CO   74078,8/31/15,882-17341,G24285 RD,11.000,13.5,22.29,1475.88
81885200,CO   74078,8/31/15,882-17341,G24289 RD,11.000,9.75,16.07,1138.73
81885200,CO   74078,8/31/15,882-17341,G24291 RD,6.000,23.9,29.26,1138.73
81885200,CO   74078,8/31/15,882-17341,G24300 RD,15.000,18.25,39.32,1138.73
81885200,CO   74078,8/31/15,882-17341,G24299 RD,5.000,18.0,39.32,1138.73
81885200,CO   74124,9/07/15,110-22104,F1215NUP,6.000,24.46,48.67,3432.54
81885200,CO   74124,9/07/15,110-22104,FLOW6,12.000,14.16,19.0,3432.54
81885200,CO   74124,9/07/15,110-22104,FLOW8,24.000,18.31,24.5,3432.54
81885200,CO   74124,9/07/15,110-22104,FLOW10,12.000,22.66,30.75,3432.54
81885200,CO   74124,9/07/15,110-22104,FLOW15,48.000,32.4,40.74,3432.54
81885200,CO   74125,9/07/15,112-56543,F1215DEL,6.000,30.85,53.92,3547.24
81885200,CO   74125,9/07/15,112-56543,F1215NUP,10.000,24.46,48.67,3547.24
81885200,CO   74125,9/07/15,112-56543,FLOW8,12.000,18.31,24.5,3547.24
81885200,CO   74125,9/07/15,112-56543,FLOW15,48.000,32.4,40.74,3547.24
81885200,CO   74125,9/07/15,112-56543,FLTW15,10.000,36.66,48.75,3547.24
81885200,CO   74126,9/07/15,116-29923,F1215NUP,6.000,24.46,48.67,3513.9
81885200,CO   74126,9/07/15,116-29923,FLOW8,12.000,18.31,24.5,3513.9
81885200,CO   74126,9/07/15,116-29923,FLOW10,36.000,22.66,30.75,3513.9
81885200,CO   74126,9/07/15,116-29923,FLOW12,36.000,26.84,37.0,3513.9
81885200,CO   74126,9/07/15,116-29923,FLOW15,12.000,32.4,40.74,3513.9
81885200,CO   74127,9/07/15,121-20472,F1215DEL,6.000,30.85,53.92,4094.24
81885200,CO   74127,9/07/15,121-20472,F1215NUP,10.000,24.46,48.67,4094.24
81885200,CO   74127,9/07/15,121-20472,F15DEL,11.000,12.72,31.08,4094.24
81885200,CO   74127,9/07/15,121-20472,FLOW8,24.000,18.31,24.5,4094.24
81885200,CO   74127,9/07/15,121-20472,FLTW12,10.000,29.85,40.0,4094.24
81885200,CO   74127,9/07/15,121-20472,FLOW15,36.000,32.4,40.74,4094.24
81885200,CO   74127,9/07/15,121-20472,FLTW15,10.000,36.66,48.75,4094.24
81885200,CO   74135,9/07/15,818-11494,F1215NUP,30.000,24.46,48.67,2172.22
81885200,CO   74135,9/07/15,818-11494,F15DEL,11.000,12.72,31.08,2172.22
81885200,CO   74135,9/07/15,818-11494,F912DEL,2.000,31.55,53.92,2172.22
81885200,CO   74135,9/07/15,818-11494,FWW6,10.000,19.7,26.24,2172.22
81885200,CO   74135,9/07/15,818-11494,FLOW8,12.000,18.31,24.5,2618.52
81885200,CO   74135,9/07/15,818-11494,FLOW10,12.000,22.66,30.75,2618.52
81885200,CO   74135,9/07/15,818-11494,FLOW15,48.000,32.4,40.74,2618.52
81885200,CO   74182,9/14/15,110-22722,F1215DEL,20.000,30.85,53.92,4773.88
81885200,CO   74182,9/14/15,110-22722,F1215NUP,10.000,24.46,48.67,4773.88
81885200,CO   74182,9/14/15,110-22722,F15DEL,11.000,12.72,31.08,4773.88
81885200,CO   74182,9/14/15,110-22722,F15MP,11.000,14.82,29.26,4773.88
81885200,CO   74182,9/14/15,110-22722,FWW6,10.000,19.7,26.24,4773.88
81885200,CO   74182,9/14/15,110-22722,FLOW6,12.000,14.16,19.0,4773.88
81885200,CO   74182,9/14/15,110-22722,FLOW8,24.000,18.31,24.5,4773.88
81885200,CO   74182,9/14/15,110-22722,FLOW15,36.000,32.4,40.74,4773.88
81885200,CO   74183,9/14/15,116-30431,F1215DEL,10.000,30.85,53.92,1982.84
81885200,CO   74183,9/14/15,116-30431,F1215NUP,12.000,24.46,48.67,1982.84
81885200,CO   74183,9/14/15,116-30431,G24299 RD,5.000,18.0,39.32,1982.84
81885200,CO   74183,9/14/15,116-30431,FLOW8,12.000,18.31,24.5,1982.84
81885200,CO   74183,9/14/15,116-30431,FLOW10,12.000,22.66,30.75,1982.84
81885200,CO   74183,9/14/15,116-30431,FLOW12,12.000,26.84,37.0,1910.64
81885200,CO   74183,9/14/15,116-30431,FLOW15,36.000,32.4,40.74,1910.64
81885200,CO   74184,9/14/15,121-20964,F1215DEL,10.000,30.85,53.92,5987.59
81885200,CO   74184,9/14/15,121-20964,F1215NUP,10.000,24.46,48.67,5987.59
81885200,CO   74184,9/14/15,121-20964,G24302 RD,9.000,12.72,16.75,5987.59
81885200,CO   74184,9/14/15,121-20964,FWW6,20.000,19.7,26.24,5987.59
81885200,CO   74184,9/14/15,121-20964,FLOW8,24.000,18.31,24.5,5987.59
81885200,CO   74184,9/14/15,121-20964,FLOW10,12.000,22.66,30.75,5987.59
81885200,CO   74184,9/14/15,121-20964,FLTW12,10.000,29.85,40.0,5987.59
81885200,CO   74184,9/14/15,121-20964,FLOW15,36.000,32.4,40.74,5987.59
81885200,CO   74184,9/14/15,121-20964,FLTW15,30.000,36.66,48.75,5987.59
81885200,CO   74196,9/14/15,807-27294,F1215DEL,10.000,30.85,53.92,2014.67
81885200,CO   74196,9/14/15,807-27294,F1215NUP,10.000,24.46,48.67,2014.67
81885200,CO   74196,9/14/15,807-27294,F15DEL,11.000,12.72,31.08,2014.67
81885200,CO   74196,9/14/15,807-27294,G24282 RD,39.000,5.9,10.3,2014.67
81885200,CO   74196,9/14/15,807-27294,G24285 RD,11.000,13.5,22.29,2014.67
81885200,CO   74196,9/14/15,807-27294,G24301 RD,11.000,7.5,13.46,1039.36
81885200,CO   74196,9/14/15,807-27294,G24299 RD,15.000,18.0,39.32,1039.36
81885200,CO   74196,9/14/15,807-27294,G24302 RD,18.000,12.72,16.75,1039.36
81885200,CO   74197,9/14/15,808-59162,F1215DEL,3.000,30.85,53.92,3296.66
81885200,CO   74197,9/14/15,808-59162,F1215NUP,20.000,24.46,48.67,3296.66
81885200,CO   74197,9/14/15,808-59162,G24299 RD,5.000,18.0,39.32,3296.66
81885200,CO   74197,9/14/15,808-59162,G24302 RD,18.000,12.72,16.75,3296.66
81885200,CO   74197,9/14/15,808-59162,FWW6,10.000,19.7,26.24,3296.66
81885200,CO   74197,9/14/15,808-59162,FLOW8,24.000,18.31,24.5,3296.66
81885200,CO   74197,9/14/15,808-59162,FLOW10,12.000,22.66,30.75,3296.66
81885200,CO   74197,9/14/15,808-59162,FLOW12,12.000,26.84,37.0,3296.66
81885200,CO   74198,9/14/15,814-24215,F1215NUP,2.000,24.46,48.67,5092.23
81885200,CO   74198,9/14/15,814-24215,G24283 RD,11.000,9.15,15.09,5092.23
81885200,CO   74198,9/14/15,814-24215,G24281 RD,13.000,4.95,8.5,5092.23
81885200,CO   74198,9/14/15,814-24215,G24300 RD,60.000,18.25,39.32,5092.23
81885200,CO   74198,9/14/15,814-24215,G24299 RD,60.000,18.0,39.32,5092.23
81885200,CO   74199,9/14/15,818-12203,F1215NUP,30.000,24.46,48.67,5828.19
81885200,CO   74199,9/14/15,818-12203,F912DEL,2.000,31.55,53.92,5828.19
81885200,CO   74199,9/14/15,818-12203,G24299 RD,10.000,18.0,39.32,5828.19
81885200,CO   74199,9/14/15,818-12203,G24302 RD,9.000,12.72,16.75,5828.19
81885200,CO   74199,9/14/15,818-12203,FWW6,10.000,19.7,26.24,5828.19
81885200,CO   74199,9/14/15,818-12203,FLOW6,12.000,14.16,19.0,5828.19
81885200,CO   74199,9/14/15,818-12203,FLOW8,12.000,18.31,24.5,5828.19
81885200,CO   74199,9/14/15,818-12203,FLOW15,60.000,32.4,40.74,5828.19
81885200,CO   74199,9/14/15,818-12203,FLTW15,10.000,36.66,48.75,5828.19
81885200,CO   74200,9/14/15,832-17254,F15MIC,11.000,11.53,32.18,3348.86
81885200,CO   74200,9/14/15,832-17254,F1215DEL,12.000,30.85,53.92,3348.86
81885200,CO   74200,9/14/15,832-17254,F912DEL,8.000,31.55,53.92,3348.86
81885200,CO   74200,9/14/15,832-17254,F1215NUP,10.000,24.46,48.67,3348.86
81885200,CO   74200,9/14/15,832-17254,F15DEL,11.000,12.72,31.08,3348.86
81885200,CO   74200,9/14/15,832-17254,G24299 RD,20.000,18.0,39.32,3348.86
81885200,CO   74200,9/14/15,832-17254,G24302 RD,18.000,12.72,16.75,3348.86
81885200,CO   74203,9/14/15,882-18157,F15MIC,11.000,11.53,32.18,4682.68
81885200,CO   74203,9/14/15,882-18157,F1215NUP,12.000,24.46,48.67,4682.68
81885200,CO   74203,9/14/15,882-18157,G24287 RD,78.000,8.4,12.05,4682.68
81885200,CO   74203,9/14/15,882-18157,G24282 RD,13.000,5.9,10.3,4682.68
81885200,CO   74203,9/14/15,882-18157,G24281 RD,78.000,4.95,8.5,4682.68
81885200,CO   74203,9/14/15,882-18157,G24280 RD,13.000,4.1,6.95,4682.68
81885200,CO   74203,9/14/15,882-18157,G24285 RD,11.000,13.5,22.29,4682.68
81885200,CO   74203,9/14/15,882-18157,G24301 RD,22.000,7.5,13.46,4682.68
81885200,CO   74203,9/14/15,882-18157,G24300 RD,20.000,18.25,39.32,4682.68
81885200,CO   74203,9/14/15,882-18157,G24299 RD,15.000,18.0,39.32,4682.68
81916600,CO   74066,9/05/15,110422,G19446 JP,50.000,38.0,49.14,5738.5
81916600,CO   74066,9/05/15,110422,G19445 JP,50.000,52.29,65.63,5738.5
81916600,CO   74160,9/03/15,110653,FLOW15,216.000,32.4,42.38,26844.48
81916600,CO   74160,9/03/15,110653,F912DEL,324.000,31.55,54.6,26844.48
81916600,CO   74160,9/03/15,110653,F1520FPLT,1.000,32.5,40.0,12402.9
81916600,CO   74160,9/03/15,110653,FLOW6,48.000,14.16,26.74,12402.9
81916600,CO   74160,9/03/15,110653,F27S,50.000,34.16,53.55,12402.9
81916600,CO   74160,9/03/15,110653,F1215NUP,80.000,24.46,50.02,12402.9
81916600,CO   74160,9/03/15,110653,FLOW10,60.000,22.66,35.09,12402.9
81916600,CO   74160,9/03/15,110653,F18MP,56.000,17.76,40.98,12402.9
81948300,CO   74140,9/01/15,8-25-15,F912LOW,4.000,26.54,50.24,200.96
82072200,CO   73988,9/28/15,172678,G20123 LANCA,100.000,65.0,75.29,7529.0
82072200,CO   74162,9/08/15,173490,FLOW12,12.000,26.84,40.16,781.2
82072200,CO   74162,9/08/15,173490,FLOW8,12.000,18.31,24.94,781.2
82187500,CO   74157,9/02/15,A50725,FLOW8,216.000,18.31,25.2,30543.22
82187500,CO   74157,9/02/15,A50725,FLOW15,240.000,32.4,46.12,30543.22
82187500,CO   74157,9/02/15,A50725,F1215NUP,160.000,24.46,49.96,30543.22
82187500,CO   74157,9/02/15,A50725,F1215DEL,40.000,30.85,53.64,30543.22
82187500,CO   74157,9/02/15,A50725,G20810 LUCKY,396.000,5.25,7.89,30543.22
82187500,CO   74157,9/02/15,A50725,F15PB7,66.000,7.49,11.63,30543.22
82187500,CO   74158,9/02/15,A50725A,FLOW15,12.000,32.4,46.12,553.44
82187500,CO   74166,9/04/15,A50725 ADD ON,FLOW15,240.000,32.4,46.12,12299.64
82187500,CO   74166,9/04/15,A50725 ADD ON,G20810 LUCKY,156.000,5.25,7.89,12299.64
82187500,CO   74167,9/04/15,A50725 ADD ON,FLOW15,12.000,32.4,46.12,553.44
82469000,CO   74176,9/11/15,VBL TOMMY,G21660 MING,2.000,1.05,74.9,3370.5
82469000,CO   74176,9/11/15,VBL TOMMY,F1321 POLY,43.000,45.42,74.9,3370.5
82474000,CO   74172,9/02/15,202595,FLOW15,5.000,32.4,48.15,542.55
82474000,CO   74172,9/02/15,202595,FLOW6,12.000,14.16,25.15,542.55
82497600,CO   73104,4/30/15,,G21677 MONTE,2000.000,0.96,1.56,3120.0
82497600,CO   73335,5/20/15,,G21675 MONTE,3000.000,0.96,1.56,4680.0
82497600,CO   73669,7/15/15,,G21676 MONTE,5350.000,0.96,1.56,8346.0
82497600,CO   73843,8/17/15,,G21681 MONTE,480.000,0.96,1.56,748.8
82561000,CO   72545,1/19/15,0338717,F1515LOW,4.000,36.56,66.88,1450.97
82561000,CO   72545,1/19/15,0338717,F88LOW,10.000,27.35,32.96,1450.97
82561000,CO   72545,1/19/15,0338717,F1212LOW,5.000,35.17,55.21,1450.97
82561000,CO   72545,1/19/15,0338717,F1010LOW,15.000,24.8,38.52,1450.97
82582500,CO   74179,9/11/15,081356,FLOW8,30.000,18.31,28.9,7998.8
82582500,CO   74179,9/11/15,081356,FLOW10,12.000,22.66,36.91,7998.8
82582500,CO   74179,9/11/15,081356,FLOW12,18.000,26.84,43.75,7998.8
82582500,CO   74179,9/11/15,081356,FLOW15,18.000,32.4,47.95,7998.8
82582500,CO   74179,9/11/15,081356,F1215NUP,90.000,24.46,47.5,7998.8
82582500,CO   74179,9/11/15,081356,F1520TWB,12.000,31.86,44.94,7998.8
82582500,CO   74179,9/11/15,081356,F25Q1MPLAIN,8.000,21.54,28.0,7998.8
82785000,CO   73989,8/12/15,6376,F1217LOW,2.000,33.31,58.8,117.6
82785000,CO   73989,8/12/15,6376,F25Q1212,2.000,55.59,74.42,148.84
82790500,CO   73106,5/01/15,,G25081 ROCKLAND,2055.000,0.96,1.63,3349.65
82790500,CO   73479,7/30/15,105154,G25079 ROCKLAND,5155.000,0.96,1.63,18104.41
82790500,CO   73479,7/30/15,105154,G25080 ROCKLAND,5952.000,0.96,1.63,18104.41
82790500,CO   73796,8/05/15,,G25081 ROCKLAND,2044.000,0.96,1.63,3331.72
82790500,CO   74154,9/24/15,,G25079 ROCKLAND,5000.000,0.96,1.63,24450.0
82790500,CO   74154,9/24/15,,G25080 ROCKLAND,10000.000,0.96,1.63,24450.0
82796000,CO   74147,9/11/15,27514,G23270 PT,168.000,41.73,61.75,10374.0
82835000,CO   74034,9/11/15,,G23319PARCHMENT,42.000,54.66,72.5,3045.0
82867600,CO   72606,2/15/15,,G17917 HARRISON,2000.000,0.9,1.73,3460.0
82867600,CO   72611,2/10/15,,G17913 HARRISON,10000.000,0.97,1.73,17300.0
82867600,CO   72894,4/15/15,,G17916 HARRISON,4000.000,0.97,1.73,10380.0
82867600,CO   72894,4/15/15,,G17918 HARRISON,2000.000,0.97,1.73,10380.0
82867600,CO   73105,6/10/15,,G17905 HARRISON,10000.000,0.97,1.73,17300.0
82867600,CO   73336,5/20/15,,G17909 HARRISON,2979.000,0.97,1.73,12073.67
82867600,CO   73336,5/20/15,,G17916 HARRISON,4000.000,0.97,1.73,12073.67
82867600,CO   73797,8/15/15,,G17913 HARRISON,10000.000,0.97,1.73,17300.0
82867600,CO   73797,8/15/15,,G17916 HARRISON,5000.000,0.97,1.73,12110.0
82867600,CO   73797,8/15/15,,G17918 HARRISON,2000.000,0.97,1.73,12110.0
82867600,CO   73892,9/01/15,,G17905 HARRISON,10000.000,0.97,1.73,17300.0
82877500,CO   74148,9/02/15,457558,F12MP,10.000,11.9,22.8,30439.48
82877500,CO   74148,9/02/15,457558,F1616DW,1.000,24.28,49.35,30439.48
82877500,CO   74148,9/02/15,457558,F1414DW,48.000,24.42,49.35,30439.48
82877500,CO   74148,9/02/15,457558,F912DEL,45.000,31.55,50.93,30439.48
82877500,CO   74148,9/02/15,457558,F25Q1MPLAIN,600.000,21.54,26.15,30439.48
82877500,CO   74148,9/02/15,457558,F1215DEL,60.000,30.85,50.93,30439.48
82877500,CO   74148,9/02/15,457558,F1215NUP,40.000,24.46,49.35,30439.48
82877500,CO   74148,9/02/15,457558,FLOW12,96.000,26.84,38.98,30439.48
82877500,CO   74148,9/02/15,457558,FLOW8,40.000,18.31,25.99,30439.48
82917000,CO   74068,8/24/15,628690,F15WW,4.000,12.72,26.47,105.88
82963300,CO   74136,9/01/15,049130,F1010DW,4.000,24.0,51.47,205.88
83030700,CO   74165,9/08/15,113935,F15MIC,33.000,11.53,33.2,7377.12
83030700,CO   74165,9/08/15,113935,F18DEL,66.000,15.24,34.42,7377.12
83030700,CO   74165,9/08/15,113935,F1215NUP,40.000,24.46,51.57,7377.12
83030700,CO   74165,9/08/15,113935,F15DEL,66.000,12.72,29.5,7377.12
83032500,CO   74027,8/24/15,804-57028,FLOW15,36.000,32.4,40.74,1466.64
83032500,CO   74082,8/31/15,163-49130,F1215DEL,10.000,30.85,53.92,3660.04
83032500,CO   74082,8/31/15,163-49130,F1215NUP,20.000,24.46,48.67,3660.04
83032500,CO   74082,8/31/15,163-49130,F15DEL,22.000,12.72,31.08,3660.04
83032500,CO   74082,8/31/15,163-49130,F15MP,33.000,14.82,29.26,3660.04
83032500,CO   74082,8/31/15,163-49130,G24299 RD,5.000,18.0,39.32,3660.04
83032500,CO   74082,8/31/15,163-49130,G24302 RD,18.000,12.72,16.75,3660.04
83032500,CO   74084,8/31/15,173-47900,F1215NUP,12.000,24.46,48.67,2739.78
83032500,CO   74084,8/31/15,173-47900,G24284 RD,33.000,11.25,18.54,2739.78
83032500,CO   74084,8/31/15,173-47900,G24283 RD,33.000,9.15,15.09,2739.78
83032500,CO   74084,8/31/15,173-47900,G24281 RD,78.000,4.95,8.5,2739.78
83032500,CO   74084,8/31/15,173-47900,G24280 RD,13.000,4.1,6.95,2739.78
83032500,CO   74084,8/31/15,173-47900,G24291 RD,10.000,23.9,29.26,2739.78
83032500,CO   74086,8/31/15,194-17415,F1215NUP,12.000,24.46,48.67,2829.31
83032500,CO   74086,8/31/15,194-17415,G24280 RD,39.000,4.1,6.95,2829.31
83032500,CO   74086,8/31/15,194-17415,G24285 RD,33.000,13.5,22.29,2829.31
83032500,CO   74086,8/31/15,194-17415,G24299 RD,20.000,18.0,39.32,2829.31
83032500,CO   74086,8/31/15,194-17415,G24302 RD,27.000,12.72,16.75,2829.31
83032500,CO   74088,8/31/15,811-41051,F1215NUP,1.000,24.46,48.67,5194.08
83032500,CO   74088,8/31/15,811-41051,G24287 RD,33.000,8.4,12.05,5194.08
83032500,CO   74088,8/31/15,811-41051,G24284 RD,44.000,11.25,18.54,5194.08
83032500,CO   74088,8/31/15,811-41051,G24300 RD,80.000,18.25,39.32,5194.08
83032500,CO   74088,8/31/15,811-41051,G24299 RD,20.000,18.0,39.32,5194.08
83032500,CO   74089,8/31/15,834-24924,F18MIC,11.000,13.81,38.59,5983.62
83032500,CO   74089,8/31/15,834-24924,G24283 RD,44.000,9.15,15.09,5983.62
83032500,CO   74089,8/31/15,834-24924,G24289 RD,11.000,9.75,16.07,5983.62
83032500,CO   74089,8/31/15,834-24924,G24300 RD,60.000,18.25,39.32,5983.62
83032500,CO   74089,8/31/15,834-24924,G24299 RD,60.000,18.0,39.32,5983.62
83032500,CO   74129,9/07/15,171-50317,F1215NUP,10.000,24.46,48.67,3971.64
83032500,CO   74129,9/07/15,171-50317,G24287 RD,33.000,8.4,12.05,3971.64
83032500,CO   74129,9/07/15,171-50317,G24284 RD,33.000,11.25,18.54,3971.64
83032500,CO   74129,9/07/15,171-50317,G24283 RD,11.000,9.15,15.09,3971.64
83032500,CO   74129,9/07/15,171-50317,G24281 RD,78.000,4.95,8.5,3971.64
83032500,CO   74129,9/07/15,171-50317,G24280 RD,13.000,4.1,6.95,3971.64
83032500,CO   74129,9/07/15,171-50317,G24301 RD,33.000,7.5,13.46,3971.64
83032500,CO   74129,9/07/15,171-50317,G24292 RD,10.000,31.1,37.14,3971.64
83032500,CO   74129,9/07/15,171-50317,G24299 RD,15.000,18.0,39.32,3971.64
83032500,CO   74129,9/07/15,171-50317,G24302 RD,9.000,12.72,16.75,3971.64
83032500,CO   74130,9/07/15,801-25511,F1215DEL,6.000,30.85,53.92,2877.44
83032500,CO   74130,9/07/15,801-25511,F15DEL,11.000,12.72,31.08,2877.44
83032500,CO   74130,9/07/15,801-25511,G24283 RD,33.000,9.15,15.09,2877.44
83032500,CO   74130,9/07/15,801-25511,G24282 RD,11.000,5.9,10.3,2877.44
83032500,CO   74130,9/07/15,801-25511,G24281 RD,39.000,4.95,8.5,2877.44
83032500,CO   74130,9/07/15,801-25511,G24280 RD,13.000,4.1,6.95,2877.44
83032500,CO   74130,9/07/15,801-25511,G24285 RD,33.000,13.5,22.29,2877.44
83032500,CO   74130,9/07/15,801-25511,G24291 RD,10.000,23.9,29.26,2877.44
83032500,CO   74130,9/07/15,801-25511,G24302 RD,9.000,12.72,16.75,2877.44
83032500,CO   74131,9/07/15,803-55430,F15MIC,11.000,11.53,32.18,3802.43
83032500,CO   74131,9/07/15,803-55430,F1215DEL,10.000,30.85,53.92,3802.43
83032500,CO   74131,9/07/15,803-55430,F912DEL,6.000,31.55,53.92,3802.43
83032500,CO   74131,9/07/15,803-55430,F1215NUP,30.000,24.46,48.67,3802.43
83032500,CO   74131,9/07/15,803-55430,F15DEL,11.000,12.72,31.08,3802.43
83032500,CO   74131,9/07/15,803-55430,G24281 RD,39.000,4.95,8.5,3802.43
83032500,CO   74131,9/07/15,803-55430,G24302 RD,27.000,12.72,16.75,3802.43
83032500,CO   74132,9/07/15,804-57922,F1215NUP,6.000,24.46,48.67,3337.77
83032500,CO   74132,9/07/15,804-57922,G24302 RD,9.000,12.72,16.75,3337.77
83032500,CO   74132,9/07/15,804-57922,FLOW6,24.000,14.16,19.0,3337.77
83032500,CO   74132,9/07/15,804-57922,FLOW10,36.000,22.66,30.75,3337.77
83032500,CO   74132,9/07/15,804-57922,FLOW12,36.000,26.84,37.0,3337.77
83032500,CO   74133,9/07/15,852-19886,F1215NUP,10.000,24.46,48.67,991.49
83032500,CO   74133,9/07/15,852-19886,G24299 RD,5.000,18.0,39.32,991.49
83032500,CO   74133,9/07/15,852-19886,G24302 RD,9.000,12.72,16.75,991.49
83032500,CO   74133,9/07/15,852-19886,FWW6,6.000,19.7,26.24,991.49
83032500,CO   74133,9/07/15,852-19886,FLOW8,24.000,18.31,24.5,2377.38
83032500,CO   74133,9/07/15,852-19886,FLOW10,12.000,22.66,30.75,2377.38
83032500,CO   74133,9/07/15,852-19886,FLOW12,12.000,26.84,37.0,2377.38
83032500,CO   74133,9/07/15,852-19886,FLOW15,12.000,32.4,40.74,2377.38
83032500,CO   74133,9/07/15,852-19886,FLTW15,10.000,36.66,48.75,2377.38
83032500,CO   74134,9/07/15,855-44220,F1215NUP,10.000,24.46,48.67,3534.7
83032500,CO   74134,9/07/15,855-44220,FLOW6,36.000,14.16,19.0,3534.7
83032500,CO   74134,9/07/15,855-44220,FLOW8,12.000,18.31,24.5,3534.7
83032500,CO   74134,9/07/15,855-44220,FLOW10,24.000,22.66,30.75,3534.7
83032500,CO   74134,9/07/15,855-44220,FLOW12,36.000,26.84,37.0,3534.7
83032500,CO   74185,9/14/15,125-35424,FLOW6,12.000,14.16,19.0,3436.88
83032500,CO   74185,9/14/15,125-35424,FLOW8,12.000,18.31,24.5,3436.88
83032500,CO   74185,9/14/15,125-35424,FLOW10,24.000,22.66,30.75,3436.88
83032500,CO   74185,9/14/15,125-35424,FLOW12,24.000,26.84,37.0,3436.88
83032500,CO   74185,9/14/15,125-35424,FLTW12,20.000,29.85,40.0,3436.88
83032500,CO   74185,9/14/15,125-35424,FLOW15,12.000,32.4,40.74,3436.88
83032500,CO   74186,9/14/15,144-34896,F1215NUP,70.000,24.46,48.67,3945.38
83032500,CO   74186,9/14/15,144-34896,F15DEL,11.000,12.72,31.08,3945.38
83032500,CO   74186,9/14/15,144-34896,G24299 RD,5.000,18.0,39.32,3945.38
83032500,CO   74187,9/14/15,150-38022,F1215NUP,10.000,24.46,48.67,5196.51
83032500,CO   74187,9/14/15,150-38022,G24284 RD,33.000,11.25,18.54,5196.51
83032500,CO   74187,9/14/15,150-38022,G24283 RD,11.000,9.15,15.09,5196.51
83032500,CO   74187,9/14/15,150-38022,G24300 RD,40.000,18.25,39.32,5196.51
83032500,CO   74187,9/14/15,150-38022,G24299 RD,60.000,18.0,39.32,5196.51
83032500,CO   74188,9/14/15,160-39232,F912DEL,8.000,31.55,53.92,4725.7
83032500,CO   74188,9/14/15,160-39232,G24287 RD,99.000,8.4,12.05,4725.7
83032500,CO   74188,9/14/15,160-39232,G24284 RD,66.000,11.25,18.54,4725.7
83032500,CO   74188,9/14/15,160-39232,G24282 RD,65.000,5.9,10.3,4725.7
83032500,CO   74188,9/14/15,160-39232,G24281 RD,39.000,4.95,8.5,4725.7
83032500,CO   74188,9/14/15,160-39232,G24280 RD,13.000,4.1,6.95,4725.7
83032500,CO   74188,9/14/15,160-39232,G24300 RD,10.000,18.25,39.32,4725.7
83032500,CO   74188,9/14/15,160-39232,G24299 RD,10.000,18.0,39.32,4725.7
83032500,CO   74189,9/14/15,163-50288,F1215DEL,20.000,30.85,53.92,3025.2
83032500,CO   74189,9/14/15,163-50288,F1215NUP,40.000,24.46,48.67,3025.2
83032500,CO   74190,9/14/15,167-66790,F1215DEL,10.000,30.85,53.92,3532.79
83032500,CO   74190,9/14/15,167-66790,F912DEL,2.000,31.55,53.92,3532.79
83032500,CO   74190,9/14/15,167-66790,F1215NUP,50.000,24.46,48.67,3532.79
83032500,CO   74190,9/14/15,167-66790,G24302 RD,27.000,12.72,16.75,3532.79
83032500,CO   74191,9/14/15,173-48882,F15MIC,22.000,11.53,32.18,3287.67
83032500,CO   74191,9/14/15,173-48882,F1215NUP,26.000,24.46,48.67,3287.67
83032500,CO   74191,9/14/15,173-48882,F15DEL,22.000,12.72,31.08,3287.67
83032500,CO   74191,9/14/15,173-48882,G24288 RD,11.000,7.9,13.03,3287.67
83032500,CO   74191,9/14/15,173-48882,G24292 RD,5.000,31.1,37.14,3287.67
83032500,CO   74191,9/14/15,173-48882,G24302 RD,18.000,12.72,16.75,3287.67
83032500,CO   74192,9/14/15,194-18369,F15MIC,22.000,11.53,32.18,3148.54
83032500,CO   74192,9/14/15,194-18369,F1215DEL,10.000,30.85,53.92,3148.54
83032500,CO   74192,9/14/15,194-18369,F1215NUP,6.000,24.46,48.67,3148.54
83032500,CO   74192,9/14/15,194-18369,F15DEL,11.000,12.72,31.08,3148.54
83032500,CO   74192,9/14/15,194-18369,G24284 RD,22.000,11.25,18.54,3148.54
83032500,CO   74192,9/14/15,194-18369,G24282 RD,22.000,5.9,10.3,3148.54
83032500,CO   74192,9/14/15,194-18369,G24281 RD,39.000,4.95,8.5,3148.54
83032500,CO   74192,9/14/15,194-18369,G24302 RD,18.000,12.72,16.75,3148.54
83032500,CO   74193,9/14/15,803-55966,F15MIC,11.000,11.53,32.18,4986.89
83032500,CO   74193,9/14/15,803-55966,F1215NUP,40.000,24.46,48.67,4986.89
83032500,CO   74193,9/14/15,803-55966,G24284 RD,66.000,11.25,18.54,4986.89
83032500,CO   74193,9/14/15,803-55966,G24283 RD,33.000,9.15,15.09,4986.89
83032500,CO   74193,9/14/15,803-55966,G24281 RD,78.000,4.95,8.5,4986.89
83032500,CO   74193,9/14/15,803-55966,G24302 RD,18.000,12.72,16.75,4986.89
83032500,CO   74194,9/14/15,804-58341,G24302 RD,9.000,12.72,16.75,444.75
83032500,CO   74194,9/14/15,804-58341,FLOW8,12.000,18.31,24.5,444.75
83032500,CO   74194,9/14/15,804-58341,FLOW10,12.000,22.66,30.75,2813.4
83032500,CO   74194,9/14/15,804-58341,FLOW15,60.000,32.4,40.74,2813.4
83032500,CO   74195,9/14/15,806-50097,F1215DEL,10.000,30.85,53.92,3141.63
83032500,CO   74195,9/14/15,806-50097,F912DEL,2.000,31.55,53.92,3141.63
83032500,CO   74195,9/14/15,806-50097,F1215NUP,30.000,24.46,48.67,3141.63
83032500,CO   74195,9/14/15,806-50097,F912NUP,2.000,28.54,48.67,3141.63
83032500,CO   74195,9/14/15,806-50097,G24299 RD,20.000,18.0,39.32,3141.63
83032500,CO   74195,9/14/15,806-50097,G24302 RD,9.000,12.72,16.75,3141.63
83032500,CO   74201,9/14/15,834-25862,F1215NUP,6.000,24.46,48.67,5120.92
83032500,CO   74201,9/14/15,834-25862,G24281 RD,13.000,4.95,8.5,5120.92
83032500,CO   74201,9/14/15,834-25862,G24300 RD,60.000,18.25,39.32,5120.92
83032500,CO   74201,9/14/15,834-25862,G24299 RD,60.000,18.0,39.32,5120.92
83032500,CO   74202,9/14/15,852-20248,F1215DEL,10.000,30.85,53.92,3528.61
83032500,CO   74202,9/14/15,852-20248,F1215NUP,20.000,24.46,48.67,3528.61
83032500,CO   74202,9/14/15,852-20248,G24302 RD,9.000,12.72,16.75,3528.61
83032500,CO   74202,9/14/15,852-20248,FLTW12,10.000,29.85,40.0,3528.61
83032500,CO   74202,9/14/15,852-20248,FLOW15,24.000,32.4,40.74,3528.61
83032500,CO   74202,9/14/15,852-20248,FLTW15,10.000,36.66,48.75,3528.61
83032500,CO   74204,9/14/15,895-64158,F1215DEL,30.000,30.85,53.92,3228.45
83032500,CO   74204,9/14/15,895-64158,F1215NUP,30.000,24.46,48.67,3228.45
83032500,CO   74204,9/14/15,895-64158,G24302 RD,9.000,12.72,16.75,3228.45
83637500,CO   74205,9/04/15,JF090115,FWW6,10.000,19.7,30.56,9818.84
83637500,CO   74205,9/04/15,JF090115,FLOW8,72.000,18.31,25.46,9818.84
83637500,CO   74205,9/04/15,JF090115,FLOW12,24.000,26.84,36.71,9818.84
83637500,CO   74205,9/04/15,JF090115,FLOW15,144.000,32.4,41.56,9818.84
83637500,CO   74205,9/04/15,JF090115,F15DEL,33.000,12.72,24.68,9818.84
83637500,CO   74205,9/04/15,JF090115,FCRPR18,33.000,7.52,16.65,2039.73
83637500,CO   74205,9/04/15,JF090115,G27009 SUPERWIN,66.000,12.7,22.58,2039.73
83706500,CO   74153,9/04/15,94064,F15MIC,2.000,11.53,37.75,6288.14
83706500,CO   74153,9/04/15,94064,FWW6,6.000,19.7,34.1,6288.14
83706500,CO   74153,9/04/15,94064,F1418SUB,2.000,23.23,51.57,6288.14
83706500,CO   74153,9/04/15,94064,FLOW15,36.000,32.4,53.38,6288.14
83706500,CO   74153,9/04/15,94064,F15WS1100,10.000,6.27,15.98,6288.14
83706500,CO   74153,9/04/15,94064,F15MG1000,66.000,6.28,13.34,6288.14
83706500,CO   74153,9/04/15,94064,F15DEL,3.000,12.72,35.19,6288.14
83706500,CO   74153,9/04/15,94064,F36TWB,10.000,21.24,35.64,6288.14
83706500,CO   74153,9/04/15,94064,FLOW6,6.000,14.16,32.16,6288.14
83706500,CO   74153,9/04/15,94064,FLOW8,12.000,18.31,33.29,6288.14
83706500,CO   74153,9/04/15,94064,F1215DEL,2.000,30.85,55.96,6288.14
83706500,CO   74153,9/04/15,94064,FLOW10,3.000,22.66,44.71,6288.14
83706500,CO   74153,9/04/15,94064,F1215NUP,10.000,24.46,51.57,6288.14
83706500,CO   74153,9/04/15,94064,F1212DEL,2.000,34.56,55.96,6288.14
83706500,CO   74153,9/04/15,94064,F25Q1MPLAIN,30.000,21.54,33.83,6288.14
